timestampMs,gyroX,gyroY,gyroZ,accelX,accelY,accelZ,valid
10,0,0,0,0,0,1,1
20,0,0,0,0,0,1,1
30,0,0,0,0,0,1,1
40,0,0,0,0,0,1,1
50,0,0,0,0,0,1,1
60,0,0,0,0,0,1,1
70,0,0,0,0,0,1,1
80,0,0,0,0,0,1,1
90,0,0,0,0,0,1,1
100,0,0,0,0,0,1,1
110,0,0,0,0,0,1,1
120,0,0,0,0,0,1,1
130,0,0,0,0,0,1,1
140,0,0,0,0,0,1,1
150,0,0,0,0,0,1,1
160,0,0,0,0,0,1,1
170,0,0,0,0,0,1,1
180,0,0,0,0,0,1,1
190,0,0,0,0,0,1,1
200,0,0,0,0,0,1,1
210,0,0,0,0,0,1,1
220,0,0,0,0,0,1,1
230,0,0,0,0,0,1,1
240,0,0,0,0,0,1,1
250,0,0,0,0,0,1,1
260,0,0,0,0,0,1,1
270,0,0,0,0,0,1,1
280,0,0,0,0,0,1,1
290,0,0,0,0,0,1,1
300,0,0,0,0,0,1,1
310,18.91568,0,0,0,0,1,1
320,19.16032,0,0,0,0,1,1
330,19.3743,0,0,0,0,1,1
340,19.55729,0,0,0,0,1,1
350,19.70899,0,0,0,0,1,1
360,19.82917,0,0,0,0,1,1
370,19.91762,0,0,0,0,1,1
380,19.9742,0,0,0,0,1,1
390,19.99883,0,0,0,0,1,1
400,19.99147,0,0,0,0,1,1
410,19.95213,0,0,0,0,1,1
420,19.88086,0,0,0,0,1,1
430,19.7778,0,0,0,0,1,1
440,19.64309,0,0,0,0,1,1
450,19.47695,0,0,0,0,1,1
460,19.27966,0,0,0,0,1,1
470,19.05152,0,0,0,0,1,1
480,18.79291,0,0,0,0,1,1
490,18.50423,0,0,0,0,1,1
500,18.18595,0,0,0,0,1,1
510,17.83857,0,0,0,0,1,1
520,17.46266,0,0,0,0,1,1
530,17.05881,0,0,0,0,1,1
540,16.62767,0,0,0,0,1,1
550,16.16993,0,0,0,0,1,1
560,15.68632,0,0,0,0,1,1
570,15.17761,0,0,0,0,1,1
580,14.64463,0,0,0,0,1,1
590,14.08822,0,0,0,0,1,1
600,13.50926,0,0,0,0,1,1
610,12.9087,0,0,0,0,1,1
620,12.28749,0,0,0,0,1,1
630,11.64661,0,0,0,0,1,1
640,10.98711,0,0,0,0,1,1
650,10.31003,0,0,0,0,1,1
660,9.61645,0,0,0,0,1,1
670,8.90749,0,0,0,0,1,1
680,8.18428,0,0,0,0,1,1
690,7.44798,0,0,0,0,1,1
700,6.69976,0,0,0,0,1,1
710,5.94083,0,0,0,0,1,1
720,5.17239,0,0,0,0,1,1
730,4.39567,0,0,0,0,1,1
740,3.61193,0,0,0,0,1,1
750,2.8224,0,0,0,0,1,1
760,2.02836,0,0,0,0,1,1
770,1.23107,0,0,0,0,1,1
780,0.43182,0,0,0,0,1,1
790,-0.36813,0,0,0,0,1,1
800,-1.16748,0,0,0,0,1,1
810,-1.96497,0,0,0,0,1,1
820,-2.75932,0,0,0,0,1,1
830,-3.54925,0,0,0,0,1,1
840,-4.3335,0,0,0,0,1,1
850,-5.11082,0,0,0,0,1,1
860,-5.87997,0,0,0,0,1,1
870,-6.6397,0,0,0,0,1,1
880,-7.38882,0,0,0,0,1,1
890,-8.12611,0,0,0,0,1,1
900,-8.85041,0,0,0,0,1,1
910,-9.56054,0,0,0,0,1,1
920,-10.25539,0,0,0,0,1,1
930,-10.93382,0,0,0,0,1,1
940,-11.59476,0,0,0,0,1,1
950,-12.23716,0,0,0,0,1,1
960,-12.85997,0,0,0,0,1,1
970,-13.46222,0,0,0,0,1,1
980,-14.04293,0,0,0,0,1,1
990,-14.60117,0,0,0,0,1,1
1000,-15.13605,0,0,0,0,1,1
1010,-15.64672,0,0,0,0,1,1
1020,-16.13235,0,0,0,0,1,1
1030,-16.59218,0,0,0,0,1,1
1040,-17.02547,0,0,0,0,1,1
1050,-17.43152,0,0,0,0,1,1
1060,-17.80968,0,0,0,0,1,1
1070,-18.15935,0,0,0,0,1,1
1080,-18.47996,0,0,0,0,1,1
1090,-18.77102,0,0,0,0,1,1
1100,-19.03204,0,0,0,0,1,1
1110,-19.26262,0,0,0,0,1,1
1120,-19.46238,0,0,0,0,1,1
1130,-19.63101,0,0,0,0,1,1
1140,-19.76823,0,0,0,0,1,1
1150,-19.87382,0,0,0,0,1,1
1160,-19.94762,0,0,0,0,1,1
1170,-19.98951,0,0,0,0,1,1
1180,-19.99942,0,0,0,0,1,1
1190,-19.97734,0,0,0,0,1,1
1200,-19.92329,0,0,0,0,1,1
1210,-19.83738,0,0,0,0,1,1
1220,-19.71972,0,0,0,0,1,1
1230,-19.57052,0,0,0,0,1,1
1240,-19.39001,0,0,0,0,1,1
1250,-19.17849,0,0,0,0,1,1
1260,-18.93628,0,0,0,0,1,1
1270,-18.66377,0,0,0,0,1,1
1280,-18.36141,0,0,0,0,1,1
1290,-18.02967,0,0,0,0,1,1
1300,-17.66909,0,0,0,0,1,1
1310,-17.28025,0,0,0,0,1,1
1320,-16.86375,0,0,0,0,1,1
1330,-16.42028,0,0,0,0,1,1
1340,-15.95055,0,0,0,0,1,1
1350,-15.45529,0,0,0,0,1,1
1360,-14.93531,0,0,0,0,1,1
1370,-14.39143,0,0,0,0,1,1
1380,-13.82454,0,0,0,0,1,1
1390,-13.23552,0,0,0,0,1,1
1400,-12.62533,0,0,0,0,1,1
1410,-11.99495,0,0,0,0,1,1
1420,-11.34537,0,0,0,0,1,1
1430,-10.67765,0,0,0,0,1,1
1440,-9.99284,0,0,0,0,1,1
1450,-9.29204,0,0,0,0,1,1
1460,-8.57638,0,0,0,0,1,1
1470,-7.847,0,0,0,0,1,1
1480,-7.10507,0,0,0,0,1,1
1490,-6.35177,0,0,0,0,1,1
1500,-5.58831,0,0,0,0,1,1
1510,-4.81591,0,0,0,0,1,1
1520,-4.0358,0,0,0,0,1,1
1530,-3.24924,0,0,0,0,1,1
1540,-2.45748,0,0,0,0,1,1
1550,-1.66179,0,0,0,0,1,1
1560,-0.86344,0,0,0,0,1,1
1570,-0.06371,0,0,0,0,1,1
1580,0.73613,0,0,0,0,1,1
1590,1.53478,0,0,0,0,1,1
1600,2.33098,0,0,0,0,1,1
1610,3.12346,0,0,0,0,1,1
1620,3.91093,0,0,0,0,1,1
1630,4.69215,0,0,0,0,1,1
1640,5.46586,0,0,0,0,1,1
1650,6.23083,0,0,0,0,1,1
1660,6.98583,0,0,0,0,1,1
1670,7.72965,0,0,0,0,1,1
1680,8.46111,0,0,0,0,1,1
1690,9.17903,0,0,0,0,1,1
1700,9.88227,0,0,0,0,1,1
1710,10.56969,0,0,0,0,1,1
1720,11.24021,0,0,0,0,1,1
1730,11.89275,0,0,0,0,1,1
1740,12.52626,0,0,0,0,1,1
1750,13.13973,0,0,0,0,1,1
1760,13.73218,0,0,0,0,1,1
1770,14.30266,0,0,0,0,1,1
1780,14.85027,0,0,0,0,1,1
1790,15.37411,0,0,0,0,1,1
1800,15.87336,0,0,0,0,1,1
1810,16.34721,0,0,0,0,1,1
1820,16.79491,0,0,0,0,1,1
1830,17.21575,0,0,0,0,1,1
1840,17.60904,0,0,0,0,1,1
1850,17.97416,0,0,0,0,1,1
1860,18.31053,0,0,0,0,1,1
1870,18.6176,0,0,0,0,1,1
1880,18.89489,0,0,0,0,1,1
1890,19.14195,0,0,0,0,1,1
1900,19.35839,0,0,0,0,1,1
1910,19.54386,0,0,0,0,1,1
1920,19.69807,0,0,0,0,1,1
1930,19.82076,0,0,0,0,1,1
1940,19.91174,0,0,0,0,1,1
1950,19.97087,0,0,0,0,1,1
1960,19.99805,0,0,0,0,1,1
1970,19.99323,0,0,0,0,1,1
1980,19.95643,0,0,0,0,1,1
1990,19.88771,0,0,0,0,1,1
2000,19.78716,0,0,0,0,1,1
2010,19.65497,0,0,0,0,1,1
2020,19.49133,0,0,0,0,1,1
2030,19.29651,0,0,0,0,1,1
2040,19.07081,0,0,0,0,1,1
2050,18.81461,0,0,0,0,1,1
2060,18.52831,0,0,0,0,1,1
2070,18.21237,0,0,0,0,1,1
2080,17.86729,0,0,0,0,1,1
2090,17.49363,0,0,0,0,1,1
2100,17.09198,0,0,0,0,1,1
2110,16.66299,0,0,0,0,1,1
2120,16.20734,0,0,0,0,1,1
2130,15.72576,0,0,0,0,1,1
2140,15.21902,0,0,0,0,1,1
2150,14.68794,0,0,0,0,1,1
2160,14.13336,0,0,0,0,1,1
2170,13.55617,0,0,0,0,1,1
2180,12.95729,0,0,0,0,1,1
2190,12.33769,0,0,0,0,1,1
2200,11.69834,0,0,0,0,1,1
2210,11.04029,0,0,0,0,1,1
2220,10.36456,0,0,0,0,1,1
2230,9.67226,0,0,0,0,1,1
2240,8.96449,0,0,0,0,1,1
2250,8.24237,0,0,0,0,1,1
2260,7.50707,0,0,0,0,1,1
2270,6.75975,0,0,0,0,1,1
2280,6.00163,0,0,0,0,1,1
2290,5.2339,0,0,0,0,1,1
2300,4.4578,0,0,0,0,1,1
2310,3.67457,0,0,0,0,1,1
2320,2.88545,0,0,0,0,1,1
2330,2.09173,0,0,0,0,1,1
2340,1.29465,0,0,0,0,1,1
2350,0.49551,0,0,0,0,1,1
2360,-0.30443,0,0,0,0,1,1
2370,-1.10388,0,0,0,0,1,1
2380,-1.90156,0,0,0,0,1,1
2390,-2.69621,0,0,0,0,1,1
2400,-3.48654,0,0,0,0,1,1
2410,-4.27129,0,0,0,0,1,1
2420,-5.04921,0,0,0,0,1,1
2430,-5.81905,0,0,0,0,1,1
2440,-6.57958,0,0,0,0,1,1
2450,-7.32958,0,0,0,0,1,1
2460,-8.06786,0,0,0,0,1,1
2470,-8.79324,0,0,0,0,1,1
2480,-9.50454,0,0,0,0,1,1
2490,-10.20064,0,0,0,0,1,1
2500,-10.88042,0,0,0,0,1,1
2510,-11.5428,0,0,0,0,1,1
2520,-12.18671,0,0,0,0,1,1
2530,-12.81112,0,0,0,0,1,1
2540,-13.41504,0,0,0,0,1,1
2550,-13.99749,0,0,0,0,1,1
2560,-14.55756,0,0,0,0,1,1
2570,-15.09433,0,0,0,0,1,1
2580,-15.60696,0,0,0,0,1,1
2590,-16.09462,0,0,0,0,1,1
2600,-16.55653,0,0,0,0,1,1
2610,-16.99195,0,0,0,0,1,1
2620,-17.40019,0,0,0,0,1,1
2630,-17.7806,0,0,0,0,1,1
2640,-18.13256,0,0,0,0,1,1
2650,-18.45551,0,0,0,0,1,1
2660,-18.74893,0,0,0,0,1,1
2670,-19.01237,0,0,0,0,1,1
2680,-19.24538,0,0,0,0,1,1
2690,-19.44761,0,0,0,0,1,1
2700,-19.61872,0,0,0,0,1,1
2710,-19.75845,0,0,0,0,1,1
2720,-19.86657,0,0,0,0,1,1
2730,-19.94291,0,0,0,0,1,1
2740,-19.98735,0,0,0,0,1,1
2750,-19.9998,0,0,0,0,1,1
2760,-19.98027,0,0,0,0,1,1
2770,-19.92877,0,0,0,0,1,1
2780,-19.84538,0,0,0,0,1,1
2790,-19.73025,0,0,0,0,1,1
2800,-19.58355,0,0,0,0,1,1
2810,-19.40553,0,0,0,0,1,1
2820,-19.19646,0,0,0,0,1,1
2830,-18.95668,0,0,0,0,1,1
2840,-18.68657,0,0,0,0,1,1
2850,-18.38657,0,0,0,0,1,1
2860,-18.05715,0,0,0,0,1,1
2870,-17.69885,0,0,0,0,1,1
2880,-17.31223,0,0,0,0,1,1
2890,-16.89792,0,0,0,0,1,1
2900,-16.45657,0,0,0,0,1,1
2910,-15.9889,0,0,0,0,1,1
2920,-15.49565,0,0,0,0,1,1
2930,-14.9776,0,0,0,0,1,1
2940,-14.4356,0,0,0,0,1,1
2950,-13.8705,0,0,0,0,1,1
2960,-13.28321,0,0,0,0,1,1
2970,-12.67468,0,0,0,0,1,1
2980,-12.04586,0,0,0,0,1,1
2990,-11.39778,0,0,0,0,1,1
3000,-10.73146,0,0,0,0,1,1
3010,-10.04797,0,0,0,0,1,1
3020,-9.34841,0,0,0,0,1,1
3030,-8.63389,0,0,0,0,1,1
3040,-7.90556,0,0,0,0,1,1
3050,-7.16459,0,0,0,0,1,1
3060,-6.41215,0,0,0,0,1,1
3070,-5.64945,0,0,0,0,1,1
3080,-4.87772,0,0,0,0,1,1
3090,-4.09818,0,0,0,0,1,1
3100,-3.31208,0,0,0,0,1,1
3110,-2.52069,0,0,0,0,1,1
3120,-1.72527,0,0,0,0,1,1
3130,-0.92708,0,0,0,0,1,1
3140,-0.12741,0,0,0,0,1,1
3150,0.67246,0,0,0,0,1,1
3160,1.47126,0,0,0,0,1,1
3170,2.2677,0,0,0,0,1,1
3180,3.06052,0,0,0,0,1,1
3190,3.84843,0,0,0,0,1,1
3200,4.6302,0,0,0,0,1,1
3210,5.40455,0,0,0,0,1,1
3220,6.17026,0,0,0,0,1,1
3230,6.9261,0,0,0,0,1,1
3240,7.67086,0,0,0,0,1,1
3250,8.40334,0,0,0,0,1,1
3260,9.12238,0,0,0,0,1,1
3270,9.82683,0,0,0,0,1,1
3280,10.51556,0,0,0,0,1,1
3290,11.18746,0,0,0,0,1,1
3300,11.84147,0,0,0,0,1,1
3310,12.47653,0,0,0,0,1,1
3320,13.09164,0,0,0,0,1,1
3330,13.6858,0,0,0,0,1,1
3340,14.25806,0,0,0,0,1,1
3350,14.80752,0,0,0,0,1,1
3360,15.33328,0,0,0,0,1,1
3370,15.83452,0,0,0,0,1,1
3380,16.31043,0,0,0,0,1,1
3390,16.76024,0,0,0,0,1,1
3400,17.18324,0,0,0,0,1,1
3410,17.57875,0,0,0,0,1,1
3420,17.94613,0,0,0,0,1,1
3430,18.28481,0,0,0,0,1,1
3440,18.59423,0,0,0,0,1,1
3450,18.87391,0,0,0,0,1,1
3460,19.1234,0,0,0,0,1,1
3470,19.34229,0,0,0,0,1,1
3480,19.53024,0,0,0,0,1,1
3490,19.68694,0,0,0,0,1,1
3500,19.81215,0,0,0,0,1,1
3510,19.90566,0,0,0,0,1,1
3520,19.96733,0,0,0,0,1,1
3530,19.99705,0,0,0,0,1,1
3540,19.99479,0,0,0,0,1,1
3550,19.96053,0,0,0,0,1,1
3560,19.89435,0,0,0,0,1,1
3570,19.79633,0,0,0,0,1,1
3580,19.66665,0,0,0,0,1,1
3590,19.50551,0,0,0,0,1,1
3600,19.31316,0,0,0,0,1,1
3610,19.08991,0,0,0,0,1,1
3620,18.83612,0,0,0,0,1,1
3630,18.5522,0,0,0,0,1,1
3640,18.2386,0,0,0,0,1,1
3650,17.89582,0,0,0,0,1,1
3660,17.52442,0,0,0,0,1,1
3670,17.12497,0,0,0,0,1,1
3680,16.69813,0,0,0,0,1,1
3690,16.24458,0,0,0,0,1,1
3700,15.76504,0,0,0,0,1,1
3710,15.26028,0,0,0,0,1,1
3720,14.73111,0,0,0,0,1,1
3730,14.17837,0,0,0,0,1,1
3740,13.60294,0,0,0,0,1,1
3750,13.00576,0,0,0,0,1,1
3760,12.38777,0,0,0,0,1,1
3770,11.74996,0,0,0,0,1,1
3780,11.09335,0,0,0,0,1,1
3790,10.419,0,0,0,0,1,1
3800,9.72797,0,0,0,0,1,1
3810,9.02139,0,0,0,0,1,1
3820,8.30037,0,0,0,0,1,1
3830,7.56608,0,0,0,0,1,1
3840,6.81968,0,0,0,0,1,1
3850,6.06237,0,0,0,0,1,1
3860,5.29536,0,0,0,0,1,1
3870,4.51988,0,0,0,0,1,1
3880,3.73717,0,0,0,0,1,1
3890,2.94848,0,0,0,0,1,1
3900,2.15507,0,0,0,0,1,1
3910,1.35822,0,0,0,0,1,1
3920,0.55919,0,0,0,0,1,1
3930,-0.24073,0,0,0,0,1,1
3940,-1.04027,0,0,0,0,1,1
3950,-1.83814,0,0,0,0,1,1
3960,-2.63307,0,0,0,0,1,1
3970,-3.42379,0,0,0,0,1,1
3980,-4.20903,0,0,0,0,1,1
3990,-4.98754,0,0,0,0,1,1
4000,-5.75807,0,0,0,0,1,1
4010,-6.51938,0,0,0,0,1,1
4020,-7.27027,0,0,0,0,1,1
4030,-8.00953,0,0,0,0,1,1
4040,-8.73597,0,0,0,0,1,1
4050,-9.44844,0,0,0,0,1,1
4060,-10.14579,0,0,0,0,1,1
4070,-10.82691,0,0,0,0,1,1
4080,-11.49071,0,0,0,0,1,1
4090,-12.13613,0,0,0,0,1,1
4100,-12.76213,0,0,0,0,1,1
4110,-13.36772,0,0,0,0,1,1
4120,-13.95192,0,0,0,0,1,1
4130,-14.5138,0,0,0,0,1,1
4140,-15.05246,0,0,0,0,1,1
4150,-15.56704,0,0,0,0,1,1
4160,-16.05672,0,0,0,0,1,1
4170,-16.52071,0,0,0,0,1,1
4180,-16.95827,0,0,0,0,1,1
4190,-17.3687,0,0,0,0,1,1
4200,-17.75134,0,0,0,0,1,1
4210,-18.10559,0,0,0,0,1,1
4220,-18.43087,0,0,0,0,1,1
4230,-18.72666,0,0,0,0,1,1
4240,-18.9925,0,0,0,0,1,1
4250,-19.22795,0,0,0,0,1,1
4260,-19.43264,0,0,0,0,1,1
4270,-19.60625,0,0,0,0,1,1
4280,-19.74848,0,0,0,0,1,1
4290,-19.85913,0,0,0,0,1,1
4300,-19.938,0,0,0,0,1,1
4310,-19.98498,0,0,0,0,1,1
4320,-19.99998,0,0,0,0,1,1
4330,-19.98299,0,0,0,0,1,1
4340,-19.93404,0,0,0,0,1,1
4350,-19.85319,0,0,0,0,1,1
4360,-19.74058,0,0,0,0,1,1
4370,-19.59639,0,0,0,0,1,1
4380,-19.42085,0,0,0,0,1,1
4390,-19.21424,0,0,0,0,1,1
4400,-18.97689,0,0,0,0,1,1
4410,-18.70918,0,0,0,0,1,1
4420,-18.41154,0,0,0,0,1,1
4430,-18.08445,0,0,0,0,1,1
4440,-17.72843,0,0,0,0,1,1
4450,-17.34404,0,0,0,0,1,1
4460,-16.93191,0,0,0,0,1,1
4470,-16.49269,0,0,0,0,1,1
4480,-16.02709,0,0,0,0,1,1
4490,-15.53584,0,0,0,0,1,1
4500,-15.01974,0,0,0,0,1,1
4510,-14.47962,0,0,0,0,1,1
4520,-13.91633,0,0,0,0,1,1
4530,-13.33077,0,0,0,0,1,1
4540,-12.72389,0,0,0,0,1,1
4550,-12.09666,0,0,0,0,1,1
4560,-11.45007,0,0,0,0,1,1
4570,-10.78516,0,0,0,0,1,1
4580,-10.103,0,0,0,0,1,1
4590,-9.40468,0,0,0,0,1,1
4600,-8.69131,0,0,0,0,1,1
4610,-7.96404,0,0,0,0,1,1
4620,-7.22403,0,0,0,0,1,1
4630,-6.47246,0,0,0,0,1,1
4640,-5.71053,0,0,0,0,1,1
4650,-4.93947,0,0,0,0,1,1
4660,-4.16051,0,0,0,0,1,1
4670,-3.37489,0,0,0,0,1,1
4680,-2.58388,0,0,0,0,1,1
4690,-1.78873,0,0,0,0,1,1
4700,-0.99071,0,0,0,0,1,1
4710,-0.19112,0,0,0,0,1,1
4720,0.60879,0,0,0,0,1,1
4730,1.40772,0,0,0,0,1,1
4740,2.20439,0,0,0,0,1,1
4750,2.99754,0,0,0,0,1,1
4760,3.7859,0,0,0,0,1,1
4770,4.5682,0,0,0,0,1,1
4780,5.34319,0,0,0,0,1,1
4790,6.10963,0,0,0,0,1,1
4800,6.8663,0,0,0,0,1,1
4810,7.61198,0,0,0,0,1,1
4820,8.34549,0,0,0,0,1,1
4830,9.06564,0,0,0,0,1,1
4840,9.7713,0,0,0,0,1,1
4850,10.46132,0,0,0,0,1,1
4860,11.1346,0,0,0,0,1,1
4870,11.79007,0,0,0,0,1,1
4880,12.42668,0,0,0,0,1,1
4890,13.04341,0,0,0,0,1,1
4900,13.63927,0,0,0,0,1,1
4910,14.21332,0,0,0,0,1,1
4920,14.76462,0,0,0,0,1,1
4930,15.2923,0,0,0,0,1,1
4940,15.79552,0,0,0,0,1,1
4950,16.27347,0,0,0,0,1,1
4960,16.72539,0,0,0,0,1,1
4970,17.15055,0,0,0,0,1,1
4980,17.54827,0,0,0,0,1,1
4990,17.91792,0,0,0,0,1,1
5000,18.25891,0,0,0,0,1,1
5010,18.57068,0,0,0,0,1,1
5020,18.85274,0,0,0,0,1,1
5030,19.10465,0,0,0,0,1,1
5040,19.32599,0,0,0,0,1,1
5050,19.51641,0,0,0,0,1,1
5060,19.67561,0,0,0,0,1,1
5070,19.80334,0,0,0,0,1,1
5080,19.89938,0,0,0,0,1,1
5090,19.96359,0,0,0,0,1,1
5100,19.99586,0,0,0,0,1,1
5110,19.99614,0,0,0,0,1,1
5120,19.96443,0,0,0,0,1,1
5130,19.90079,0,0,0,0,1,1
5140,19.8053,0,0,0,0,1,1
5150,19.67813,0,0,0,0,1,1
5160,19.51949,0,0,0,0,1,1
5170,19.32961,0,0,0,0,1,1
5180,19.10881,0,0,0,0,1,1
5190,18.85744,0,0,0,0,1,1
5200,18.5759,0,0,0,0,1,1
5210,18.26465,0,0,0,0,1,1
5220,17.92418,0,0,0,0,1,1
5230,17.55503,0,0,0,0,1,1
5240,17.15779,0,0,0,0,1,1
5250,16.73311,0,0,0,0,1,1
5260,16.28166,0,0,0,0,1,1
5270,15.80416,0,0,0,0,1,1
5280,15.30138,0,0,0,0,1,1
5290,14.77412,0,0,0,0,1,1
5300,14.22322,0,0,0,0,1,1
5310,13.64957,0,0,0,0,1,1
5320,13.05409,0,0,0,0,1,1
5330,12.43772,0,0,0,0,1,1
5340,11.80145,0,0,0,0,1,1
5350,11.1463,0,0,0,0,1,1
5360,10.47332,0,0,0,0,1,1
5370,9.78359,0,0,0,0,1,1
5380,9.0782,0,0,0,0,1,1
5390,8.35829,0,0,0,0,1,1
5400,7.62501,0,0,0,0,1,1
5410,6.87953,0,0,0,0,1,1
5420,6.12305,0,0,0,0,1,1
5430,5.35676,0,0,0,0,1,1
5440,4.58191,0,0,0,0,1,1
5450,3.79973,0,0,0,0,1,1
5460,3.01147,0,0,0,0,1,1
5470,2.2184,0,0,0,0,1,1
5480,1.42177,0,0,0,0,1,1
5490,0.62287,0,0,0,0,1,1
5500,-0.17703,0,0,0,0,1,1
5510,-0.97664,0,0,0,0,1,1
5520,-1.77469,0,0,0,0,1,1
5530,-2.5699,0,0,0,0,1,1
5540,-3.361,0,0,0,0,1,1
5550,-4.14673,0,0,0,0,1,1
5560,-4.92582,0,0,0,0,1,1
5570,-5.69703,0,0,0,0,1,1
5580,-6.45912,0,0,0,0,1,1
5590,-7.21089,0,0,0,0,1,1
5600,-7.95111,0,0,0,0,1,1
5610,-8.67862,0,0,0,0,1,1
5620,-9.39224,0,0,0,0,1,1
5630,-10.09084,0,0,0,0,1,1
5640,-10.77329,0,0,0,0,1,1
5650,-11.43851,0,0,0,0,1,1
5660,-12.08543,0,0,0,0,1,1
5670,-12.71302,0,0,0,0,1,1
5680,-13.32027,0,0,0,0,1,1
5690,-13.9062,0,0,0,0,1,1
5700,-14.4699,0,0,0,0,1,1
5710,-15.01044,0,0,0,0,1,1
5720,-15.52697,0,0,0,0,1,1
5730,-16.01866,0,0,0,0,1,1
5740,-16.48472,0,0,0,0,1,1
5750,-16.92441,0,0,0,0,1,1
5760,-17.33702,0,0,0,0,1,1
5770,-17.7219,0,0,0,0,1,1
5780,-18.07843,0,0,0,0,1,1
5790,-18.40604,0,0,0,0,1,1
5800,-18.7042,0,0,0,0,1,1
5810,-18.97244,0,0,0,0,1,1
5820,-19.21032,0,0,0,0,1,1
5830,-19.41748,0,0,0,0,1,1
5840,-19.59357,0,0,0,0,1,1
5850,-19.73831,0,0,0,0,1,1
5860,-19.85148,0,0,0,0,1,1
5870,-19.93289,0,0,0,0,1,1
5880,-19.98241,0,0,0,0,1,1
5890,-19.99996,0,0,0,0,1,1
5900,-19.98552,0,0,0,0,1,1
5910,-19.9391,0,0,0,0,1,1
5920,-19.86079,0,0,0,0,1,1
5930,-19.75071,0,0,0,0,1,1
5940,-19.60902,0,0,0,0,1,1
5950,-19.43597,0,0,0,0,1,1
5960,-19.23182,0,0,0,0,1,1
5970,-18.99691,0,0,0,0,1,1
5980,-18.7316,0,0,0,0,1,1
5990,-18.43633,0,0,0,0,1,1
6000,-18.11157,0,0,0,0,1,1
