"sessionId","blockId","trial","condition","inputSource","deviceSource","selectionMethod","blockContext","targetX","targetY","width","startX","startY","endX","endY","distance","startTime","selectionTime","movementTimeMs","nominalId","hit","aborted","abortReason","deviceStartMs","deviceEndMs","dwellCancellations","profile","viewportWidth","viewportHeight","devicePixelRatio","softwareVersion","profileHash","evidenceType"
"c9022fd8-84a3-4f93-a53e-f2a2a1b68017","3cab38be-3878-4e11-942e-89fbfa6ea6ba","1","GENERIC","HOST_POINTER","SIMULATED","HOST_CLICK","{""deviceSource"":""SIMULATED"",""inputSource"":""HOST_POINTER"",""condition"":""GENERIC"",""profile"":{""schema"":1,""bias"":[0,0,0],""deadzone"":[0.6,0.6],""gain"":[30,30,30,30],""alpha"":0.35,""precisionThreshold"":5,""fastThreshold"":35,""dwellTolerance"":8,""dwellMs"":1000,""scrollThreshold"":12,""scrollGain"":0.8,""dwellEnabled"":true,""scrollEnabled"":true},""selectionMethod"":""HOST_CLICK"",""geometry"":{""width"":544,""height"":378,""devicePixelRatio"":2},""softwareVersion"":""0.2.0""}","394.6","190","32","274","191.203125","396","191.203125","120.60600113495859","2026-10-07T21:10:57.274Z","2026-10-07T21:10:57.657Z","383.19999998807907","2.2536678861372783","true","false","","300600","301000","0","{""schema"":1,""bias"":[0,0,0],""deadzone"":[0.6,0.6],""gain"":[30,30,30,30],""alpha"":0.35,""precisionThreshold"":5,""fastThreshold"":35,""dwellTolerance"":8,""dwellMs"":1000,""scrollThreshold"":12,""scrollGain"":0.8,""dwellEnabled"":true,""scrollEnabled"":true}","544","378","2","0.2.0","85bc23baae197f7d675288d3cab0f1f7c3a531557ff24f761b091008336c205d","AUTOMATED_UI_SMOKE_NOT_PARTICIPANT_PERFORMANCE"
"c9022fd8-84a3-4f93-a53e-f2a2a1b68017","3cab38be-3878-4e11-942e-89fbfa6ea6ba","2","GENERIC","HOST_POINTER","SIMULATED","HOST_CLICK","{""deviceSource"":""SIMULATED"",""inputSource"":""HOST_POINTER"",""condition"":""GENERIC"",""profile"":{""schema"":1,""bias"":[0,0,0],""deadzone"":[0.6,0.6],""gain"":[30,30,30,30],""alpha"":0.35,""precisionThreshold"":5,""fastThreshold"":35,""dwellTolerance"":8,""dwellMs"":1000,""scrollThreshold"":12,""scrollGain"":0.8,""dwellEnabled"":true,""scrollEnabled"":true},""selectionMethod"":""HOST_CLICK"",""geometry"":{""width"":544,""height"":378,""devicePixelRatio"":2},""softwareVersion"":""0.2.0""}","199.91344309655847","263.08655690344153","56","396","191.203125","201","264.203125","208.84723024369592","2026-10-07T21:10:57.658Z","2026-10-07T21:10:58.029Z","370.90000000596046","2.2416616888138927","true","false","","301000","301350","0","{""schema"":1,""bias"":[0,0,0],""deadzone"":[0.6,0.6],""gain"":[30,30,30,30],""alpha"":0.35,""precisionThreshold"":5,""fastThreshold"":35,""dwellTolerance"":8,""dwellMs"":1000,""scrollThreshold"":12,""scrollGain"":0.8,""dwellEnabled"":true,""scrollEnabled"":true}","544","378","2","0.2.0","85bc23baae197f7d675288d3cab0f1f7c3a531557ff24f761b091008336c205d","AUTOMATED_UI_SMOKE_NOT_PARTICIPANT_PERFORMANCE"
"c9022fd8-84a3-4f93-a53e-f2a2a1b68017","3cab38be-3878-4e11-942e-89fbfa6ea6ba","3","GENERIC","HOST_POINTER","SIMULATED","HOST_CLICK","{""deviceSource"":""SIMULATED"",""inputSource"":""HOST_POINTER"",""condition"":""GENERIC"",""profile"":{""schema"":1,""bias"":[0,0,0],""deadzone"":[0.6,0.6],""gain"":[30,30,30,30],""alpha"":0.35,""precisionThreshold"":5,""fastThreshold"":35,""dwellTolerance"":8,""dwellMs"":1000,""scrollThreshold"":12,""scrollGain"":0.8,""dwellEnabled"":true,""scrollEnabled"":true},""selectionMethod"":""HOST_CLICK"",""geometry"":{""width"":544,""height"":378,""devicePixelRatio"":2},""softwareVersion"":""0.2.0""}","273","68.39999999999999","80","201","264.203125","274","69.203125","208.62134061443868","2026-10-07T21:10:58.030Z","2026-10-07T21:10:58.379Z","349.7000000178814","1.8511060712943057","true","false","","301350","301700","0","{""schema"":1,""bias"":[0,0,0],""deadzone"":[0.6,0.6],""gain"":[30,30,30,30],""alpha"":0.35,""precisionThreshold"":5,""fastThreshold"":35,""dwellTolerance"":8,""dwellMs"":1000,""scrollThreshold"":12,""scrollGain"":0.8,""dwellEnabled"":true,""scrollEnabled"":true}","544","378","2","0.2.0","85bc23baae197f7d675288d3cab0f1f7c3a531557ff24f761b091008336c205d","AUTOMATED_UI_SMOKE_NOT_PARTICIPANT_PERFORMANCE"
"c9022fd8-84a3-4f93-a53e-f2a2a1b68017","3cab38be-3878-4e11-942e-89fbfa6ea6ba","4","GENERIC","HOST_POINTER","SIMULATED","HOST_CLICK","{""deviceSource"":""SIMULATED"",""inputSource"":""HOST_POINTER"",""condition"":""GENERIC"",""profile"":{""schema"":1,""bias"":[0,0,0],""deadzone"":[0.6,0.6],""gain"":[30,30,30,30],""alpha"":0.35,""precisionThreshold"":5,""fastThreshold"":35,""dwellTolerance"":8,""dwellMs"":1000,""scrollThreshold"":12,""scrollGain"":0.8,""dwellEnabled"":true,""scrollEnabled"":true},""selectionMethod"":""HOST_CLICK"",""geometry"":{""width"":544,""height"":378,""devicePixelRatio"":2},""softwareVersion"":""0.2.0""}","346.08655690344153","263.08655690344153","32","274","69.203125","347","264.203125","206.85080819965282","2026-10-07T21:10:58.380Z","2026-10-07T21:10:58.731Z","350.59999999403954","2.8999659482404176","true","false","","301700","302050","0","{""schema"":1,""bias"":[0,0,0],""deadzone"":[0.6,0.6],""gain"":[30,30,30,30],""alpha"":0.35,""precisionThreshold"":5,""fastThreshold"":35,""dwellTolerance"":8,""dwellMs"":1000,""scrollThreshold"":12,""scrollGain"":0.8,""dwellEnabled"":true,""scrollEnabled"":true}","544","378","2","0.2.0","85bc23baae197f7d675288d3cab0f1f7c3a531557ff24f761b091008336c205d","AUTOMATED_UI_SMOKE_NOT_PARTICIPANT_PERFORMANCE"
"c9022fd8-84a3-4f93-a53e-f2a2a1b68017","3cab38be-3878-4e11-942e-89fbfa6ea6ba","5","GENERIC","HOST_POINTER","SIMULATED","HOST_CLICK","{""deviceSource"":""SIMULATED"",""inputSource"":""HOST_POINTER"",""condition"":""GENERIC"",""profile"":{""schema"":1,""bias"":[0,0,0],""deadzone"":[0.6,0.6],""gain"":[30,30,30,30],""alpha"":0.35,""precisionThreshold"":5,""fastThreshold"":35,""dwellTolerance"":8,""dwellMs"":1000,""scrollThreshold"":12,""scrollGain"":0.8,""dwellEnabled"":true,""scrollEnabled"":true},""selectionMethod"":""HOST_CLICK"",""geometry"":{""width"":544,""height"":378,""devicePixelRatio"":2},""softwareVersion"":""0.2.0""}","151.39999999999998","190.00000000000006","56","347","264.203125","152","191.203125","209.20196882382734","2026-10-07T21:10:58.731Z","2026-10-07T21:10:59.087Z","355.69999998807907","2.2435927535817566","true","false","","302050","302400","0","{""schema"":1,""bias"":[0,0,0],""deadzone"":[0.6,0.6],""gain"":[30,30,30,30],""alpha"":0.35,""precisionThreshold"":5,""fastThreshold"":35,""dwellTolerance"":8,""dwellMs"":1000,""scrollThreshold"":12,""scrollGain"":0.8,""dwellEnabled"":true,""scrollEnabled"":true}","544","378","2","0.2.0","85bc23baae197f7d675288d3cab0f1f7c3a531557ff24f761b091008336c205d","AUTOMATED_UI_SMOKE_NOT_PARTICIPANT_PERFORMANCE"
"c9022fd8-84a3-4f93-a53e-f2a2a1b68017","3cab38be-3878-4e11-942e-89fbfa6ea6ba","6","GENERIC","HOST_POINTER","SIMULATED","HOST_CLICK","{""deviceSource"":""SIMULATED"",""inputSource"":""HOST_POINTER"",""condition"":""GENERIC"",""profile"":{""schema"":1,""bias"":[0,0,0],""deadzone"":[0.6,0.6],""gain"":[30,30,30,30],""alpha"":0.35,""precisionThreshold"":5,""fastThreshold"":35,""dwellTolerance"":8,""dwellMs"":1000,""scrollThreshold"":12,""scrollGain"":0.8,""dwellEnabled"":true,""scrollEnabled"":true},""selectionMethod"":""HOST_CLICK"",""geometry"":{""width"":544,""height"":378,""devicePixelRatio"":2},""softwareVersion"":""0.2.0""}","346.0865569034414","116.91344309655835","80","152","191.203125","347","117.703125","207.8185468334031","2026-10-07T21:10:59.088Z","2026-10-07T21:10:59.496Z","407.59999999403954","1.8470876562582803","true","false","","302400","302850","0","{""schema"":1,""bias"":[0,0,0],""deadzone"":[0.6,0.6],""gain"":[30,30,30,30],""alpha"":0.35,""precisionThreshold"":5,""fastThreshold"":35,""dwellTolerance"":8,""dwellMs"":1000,""scrollThreshold"":12,""scrollGain"":0.8,""dwellEnabled"":true,""scrollEnabled"":true}","544","378","2","0.2.0","85bc23baae197f7d675288d3cab0f1f7c3a531557ff24f761b091008336c205d","AUTOMATED_UI_SMOKE_NOT_PARTICIPANT_PERFORMANCE"
"c9022fd8-84a3-4f93-a53e-f2a2a1b68017","3cab38be-3878-4e11-942e-89fbfa6ea6ba","7","GENERIC","HOST_POINTER","SIMULATED","HOST_CLICK","{""deviceSource"":""SIMULATED"",""inputSource"":""HOST_POINTER"",""condition"":""GENERIC"",""profile"":{""schema"":1,""bias"":[0,0,0],""deadzone"":[0.6,0.6],""gain"":[30,30,30,30],""alpha"":0.35,""precisionThreshold"":5,""fastThreshold"":35,""dwellTolerance"":8,""dwellMs"":1000,""scrollThreshold"":12,""scrollGain"":0.8,""dwellEnabled"":true,""scrollEnabled"":true},""selectionMethod"":""HOST_CLICK"",""geometry"":{""width"":544,""height"":378,""devicePixelRatio"":2},""softwareVersion"":""0.2.0""}","273.00000000000006","311.6","32","347","117.703125","274","312.703125","207.53794384344667","2026-10-07T21:10:59.496Z","2026-10-07T21:10:59.863Z","366.2999999821186","2.904110392955","true","false","","302850","303200","0","{""schema"":1,""bias"":[0,0,0],""deadzone"":[0.6,0.6],""gain"":[30,30,30,30],""alpha"":0.35,""precisionThreshold"":5,""fastThreshold"":35,""dwellTolerance"":8,""dwellMs"":1000,""scrollThreshold"":12,""scrollGain"":0.8,""dwellEnabled"":true,""scrollEnabled"":true}","544","378","2","0.2.0","85bc23baae197f7d675288d3cab0f1f7c3a531557ff24f761b091008336c205d","AUTOMATED_UI_SMOKE_NOT_PARTICIPANT_PERFORMANCE"
"c9022fd8-84a3-4f93-a53e-f2a2a1b68017","3cab38be-3878-4e11-942e-89fbfa6ea6ba","8","GENERIC","HOST_POINTER","SIMULATED","HOST_CLICK","{""deviceSource"":""SIMULATED"",""inputSource"":""HOST_POINTER"",""condition"":""GENERIC"",""profile"":{""schema"":1,""bias"":[0,0,0],""deadzone"":[0.6,0.6],""gain"":[30,30,30,30],""alpha"":0.35,""precisionThreshold"":5,""fastThreshold"":35,""dwellTolerance"":8,""dwellMs"":1000,""scrollThreshold"":12,""scrollGain"":0.8,""dwellEnabled"":true,""scrollEnabled"":true},""selectionMethod"":""HOST_CLICK"",""geometry"":{""width"":544,""height"":378,""devicePixelRatio"":2},""softwareVersion"":""0.2.0""}","199.91344309655847","116.91344309655844","56","274","312.703125","201","117.703125","209.3380458819125","2026-10-07T21:10:59.863Z","2026-10-07T21:11:00.215Z","351.69999998807907","2.2443328210441216","true","false","","303200","303550","0","{""schema"":1,""bias"":[0,0,0],""deadzone"":[0.6,0.6],""gain"":[30,30,30,30],""alpha"":0.35,""precisionThreshold"":5,""fastThreshold"":35,""dwellTolerance"":8,""dwellMs"":1000,""scrollThreshold"":12,""scrollGain"":0.8,""dwellEnabled"":true,""scrollEnabled"":true}","544","378","2","0.2.0","85bc23baae197f7d675288d3cab0f1f7c3a531557ff24f761b091008336c205d","AUTOMATED_UI_SMOKE_NOT_PARTICIPANT_PERFORMANCE"
"c9022fd8-84a3-4f93-a53e-f2a2a1b68017","3cab38be-3878-4e11-942e-89fbfa6ea6ba","9","GENERIC","HOST_POINTER","SIMULATED","HOST_CLICK","{""deviceSource"":""SIMULATED"",""inputSource"":""HOST_POINTER"",""condition"":""GENERIC"",""profile"":{""schema"":1,""bias"":[0,0,0],""deadzone"":[0.6,0.6],""gain"":[30,30,30,30],""alpha"":0.35,""precisionThreshold"":5,""fastThreshold"":35,""dwellTolerance"":8,""dwellMs"":1000,""scrollThreshold"":12,""scrollGain"":0.8,""dwellEnabled"":true,""scrollEnabled"":true},""selectionMethod"":""HOST_CLICK"",""geometry"":{""width"":544,""height"":378,""devicePixelRatio"":2},""softwareVersion"":""0.2.0""}","394.6","189.99999999999991","80","201","117.703125","396","191.203125","206.65865124587847","2026-10-07T21:11:00.216Z","2026-10-07T21:11:00.581Z","364.7999999821186","1.8412619145524838","true","false","","303550","303900","0","{""schema"":1,""bias"":[0,0,0],""deadzone"":[0.6,0.6],""gain"":[30,30,30,30],""alpha"":0.35,""precisionThreshold"":5,""fastThreshold"":35,""dwellTolerance"":8,""dwellMs"":1000,""scrollThreshold"":12,""scrollGain"":0.8,""dwellEnabled"":true,""scrollEnabled"":true}","544","378","2","0.2.0","85bc23baae197f7d675288d3cab0f1f7c3a531557ff24f761b091008336c205d","AUTOMATED_UI_SMOKE_NOT_PARTICIPANT_PERFORMANCE"
"c9022fd8-84a3-4f93-a53e-f2a2a1b68017","3cab38be-3878-4e11-942e-89fbfa6ea6ba","10","GENERIC","HOST_POINTER","SIMULATED","HOST_CLICK","{""deviceSource"":""SIMULATED"",""inputSource"":""HOST_POINTER"",""condition"":""GENERIC"",""profile"":{""schema"":1,""bias"":[0,0,0],""deadzone"":[0.6,0.6],""gain"":[30,30,30,30],""alpha"":0.35,""precisionThreshold"":5,""fastThreshold"":35,""dwellTolerance"":8,""dwellMs"":1000,""scrollThreshold"":12,""scrollGain"":0.8,""dwellEnabled"":true,""scrollEnabled"":true},""selectionMethod"":""HOST_CLICK"",""geometry"":{""width"":544,""height"":378,""devicePixelRatio"":2},""softwareVersion"":""0.2.0""}","199.91344309655858","263.08655690344165","32","396","191.203125","201","264.203125","208.84723024369583","2026-10-07T21:11:00.581Z","2026-10-07T21:11:00.930Z","348.90000000596046","2.911974522723235","true","false","","303900","304250","0","{""schema"":1,""bias"":[0,0,0],""deadzone"":[0.6,0.6],""gain"":[30,30,30,30],""alpha"":0.35,""precisionThreshold"":5,""fastThreshold"":35,""dwellTolerance"":8,""dwellMs"":1000,""scrollThreshold"":12,""scrollGain"":0.8,""dwellEnabled"":true,""scrollEnabled"":true}","544","378","2","0.2.0","85bc23baae197f7d675288d3cab0f1f7c3a531557ff24f761b091008336c205d","AUTOMATED_UI_SMOKE_NOT_PARTICIPANT_PERFORMANCE"
"c9022fd8-84a3-4f93-a53e-f2a2a1b68017","3cab38be-3878-4e11-942e-89fbfa6ea6ba","11","GENERIC","HOST_POINTER","SIMULATED","HOST_CLICK","{""deviceSource"":""SIMULATED"",""inputSource"":""HOST_POINTER"",""condition"":""GENERIC"",""profile"":{""schema"":1,""bias"":[0,0,0],""deadzone"":[0.6,0.6],""gain"":[30,30,30,30],""alpha"":0.35,""precisionThreshold"":5,""fastThreshold"":35,""dwellTolerance"":8,""dwellMs"":1000,""scrollThreshold"":12,""scrollGain"":0.8,""dwellEnabled"":true,""scrollEnabled"":true},""selectionMethod"":""HOST_CLICK"",""geometry"":{""width"":544,""height"":378,""devicePixelRatio"":2},""softwareVersion"":""0.2.0""}","272.99999999999966","68.39999999999999","56","201","264.203125","274","69.203125","208.62134061443854","2026-10-07T21:11:00.931Z","2026-10-07T21:11:01.279Z","348.5","2.2404306814014516","true","false","","304250","304600","0","{""schema"":1,""bias"":[0,0,0],""deadzone"":[0.6,0.6],""gain"":[30,30,30,30],""alpha"":0.35,""precisionThreshold"":5,""fastThreshold"":35,""dwellTolerance"":8,""dwellMs"":1000,""scrollThreshold"":12,""scrollGain"":0.8,""dwellEnabled"":true,""scrollEnabled"":true}","544","378","2","0.2.0","85bc23baae197f7d675288d3cab0f1f7c3a531557ff24f761b091008336c205d","AUTOMATED_UI_SMOKE_NOT_PARTICIPANT_PERFORMANCE"
"c9022fd8-84a3-4f93-a53e-f2a2a1b68017","3cab38be-3878-4e11-942e-89fbfa6ea6ba","12","GENERIC","HOST_POINTER","SIMULATED","HOST_CLICK","{""deviceSource"":""SIMULATED"",""inputSource"":""HOST_POINTER"",""condition"":""GENERIC"",""profile"":{""schema"":1,""bias"":[0,0,0],""deadzone"":[0.6,0.6],""gain"":[30,30,30,30],""alpha"":0.35,""precisionThreshold"":5,""fastThreshold"":35,""dwellTolerance"":8,""dwellMs"":1000,""scrollThreshold"":12,""scrollGain"":0.8,""dwellEnabled"":true,""scrollEnabled"":true},""selectionMethod"":""HOST_CLICK"",""geometry"":{""width"":544,""height"":378,""devicePixelRatio"":2},""softwareVersion"":""0.2.0""}","346.0865569034418","263.0865569034413","80","274","69.203125","347","264.203125","206.8508081996527","2026-10-07T21:11:01.280Z","2026-10-07T21:11:01.631Z","351.09999999403954","1.8422286776636776","true","false","","304600","304950","0","{""schema"":1,""bias"":[0,0,0],""deadzone"":[0.6,0.6],""gain"":[30,30,30,30],""alpha"":0.35,""precisionThreshold"":5,""fastThreshold"":35,""dwellTolerance"":8,""dwellMs"":1000,""scrollThreshold"":12,""scrollGain"":0.8,""dwellEnabled"":true,""scrollEnabled"":true}","544","378","2","0.2.0","85bc23baae197f7d675288d3cab0f1f7c3a531557ff24f761b091008336c205d","AUTOMATED_UI_SMOKE_NOT_PARTICIPANT_PERFORMANCE"
"c9022fd8-84a3-4f93-a53e-f2a2a1b68017","71006b9f-ce45-4a18-932c-11204ddbfbf6","1","ADAPTIVE","HOST_POINTER","SIMULATED","HOST_CLICK","{""deviceSource"":""SIMULATED"",""inputSource"":""HOST_POINTER"",""condition"":""ADAPTIVE"",""profile"":{""schema"":1,""bias"":[0,0,0],""deadzone"":[1.07758,1.07758],""gain"":[50.00444,25.00167,60.0192,30.0048],""alpha"":0.37925,""precisionThreshold"":5,""fastThreshold"":35,""dwellTolerance"":8,""dwellMs"":1000,""scrollThreshold"":12,""scrollGain"":0.8,""dwellEnabled"":true,""scrollEnabled"":true},""selectionMethod"":""HOST_CLICK"",""geometry"":{""width"":544,""height"":378,""devicePixelRatio"":2},""softwareVersion"":""0.2.0""}","394.6","190","32","274","191.203125","273","190.203125","120.60600113495859","2026-10-07T21:11:10.796Z","2026-10-07T21:11:11.161Z","364.7000000178814","2.2536678861372783","false","false","","314150","314500","0","{""schema"":1,""bias"":[0,0,0],""deadzone"":[1.07758,1.07758],""gain"":[50.00444,25.00167,60.0192,30.0048],""alpha"":0.37925,""precisionThreshold"":5,""fastThreshold"":35,""dwellTolerance"":8,""dwellMs"":1000,""scrollThreshold"":12,""scrollGain"":0.8,""dwellEnabled"":true,""scrollEnabled"":true}","544","378","2","0.2.0","eddbcb1fa1e28acd66098f0092b039c3e8267dd05fb70c1f810a1c1e91ab2ce5","AUTOMATED_UI_SMOKE_NOT_PARTICIPANT_PERFORMANCE"
"c9022fd8-84a3-4f93-a53e-f2a2a1b68017","71006b9f-ce45-4a18-932c-11204ddbfbf6","2","ADAPTIVE","HOST_POINTER","SIMULATED","HOST_CLICK","{""deviceSource"":""SIMULATED"",""inputSource"":""HOST_POINTER"",""condition"":""ADAPTIVE"",""profile"":{""schema"":1,""bias"":[0,0,0],""deadzone"":[1.07758,1.07758],""gain"":[50.00444,25.00167,60.0192,30.0048],""alpha"":0.37925,""precisionThreshold"":5,""fastThreshold"":35,""dwellTolerance"":8,""dwellMs"":1000,""scrollThreshold"":12,""scrollGain"":0.8,""dwellEnabled"":true,""scrollEnabled"":true},""selectionMethod"":""HOST_CLICK"",""geometry"":{""width"":544,""height"":378,""devicePixelRatio"":2},""softwareVersion"":""0.2.0""}","199.91344309655847","263.08655690344153","56","273","190.203125","273","190.203125","103.21646887015461","2026-10-07T21:11:11.161Z","2026-10-07T21:11:11.991Z","829.7999999821186","1.5074908393301545","false","true","user abort","314500","315300","0","{""schema"":1,""bias"":[0,0,0],""deadzone"":[1.07758,1.07758],""gain"":[50.00444,25.00167,60.0192,30.0048],""alpha"":0.37925,""precisionThreshold"":5,""fastThreshold"":35,""dwellTolerance"":8,""dwellMs"":1000,""scrollThreshold"":12,""scrollGain"":0.8,""dwellEnabled"":true,""scrollEnabled"":true}","544","378","2","0.2.0","eddbcb1fa1e28acd66098f0092b039c3e8267dd05fb70c1f810a1c1e91ab2ce5","AUTOMATED_UI_SMOKE_NOT_PARTICIPANT_PERFORMANCE"
"c9022fd8-84a3-4f93-a53e-f2a2a1b68017","f5eef7c4-16f3-4b56-88ed-7d80c81bdb2c","1","ADAPTIVE","HOST_POINTER","SIMULATED","HOST_CLICK","{""deviceSource"":""SIMULATED"",""inputSource"":""HOST_POINTER"",""condition"":""ADAPTIVE"",""profile"":{""schema"":1,""bias"":[0,0,0],""deadzone"":[1.07758,1.07758],""gain"":[50.00444,25.00167,60.0192,30.0048],""alpha"":0.37925,""precisionThreshold"":5,""fastThreshold"":35,""dwellTolerance"":8,""dwellMs"":1000,""scrollThreshold"":12,""scrollGain"":0.8,""dwellEnabled"":false,""scrollEnabled"":true},""selectionMethod"":""HOST_CLICK"",""geometry"":{""width"":876,""height"":428,""devicePixelRatio"":1},""softwareVersion"":""0.2.0""}","576.6","215","32","440","215.90625","440","215.90625","136.60300614943472","2026-10-07T21:14:45.567Z","2026-10-07T21:14:45.860Z","292.5","2.397486449175823","false","true","viewport changed","528700","529000","0","{""schema"":1,""bias"":[0,0,0],""deadzone"":[1.07758,1.07758],""gain"":[50.00444,25.00167,60.0192,30.0048],""alpha"":0.37925,""precisionThreshold"":5,""fastThreshold"":35,""dwellTolerance"":8,""dwellMs"":1000,""scrollThreshold"":12,""scrollGain"":0.8,""dwellEnabled"":false,""scrollEnabled"":true}","876","428","1","0.2.0","c297505edc764572aafbe73532ec726b5e774f4dc350b8b457a1c4b1c9b22dc6","AUTOMATED_UI_SMOKE_NOT_PARTICIPANT_PERFORMANCE"